{
  "properties": {
    "connectionReferences": {
      "shared_office365": {
        "runtimeSource": "embedded",
        "connection": {},
        "api": {
          "name": "shared_office365"
        }
      }
    },
    "definition": {
      "$schema": "https://schema.management.azure.com/providers/Microsoft.Logic/schemas/2016-06-01/workflowdefinition.json#",
      "contentVersion": "1.0.0.0",
      "parameters": {
        "$connections": {
          "defaultValue": {},
          "type": "Object"
        },
        "$authentication": {
          "defaultValue": {},
          "type": "SecureObject"
        }
      },
      "triggers": {
        "Bei_Eingang_einer_neuen_E-Mail_(V3)": {
          "splitOn": "@triggerOutputs()?['body/value']",
          "metadata": {
            "operationMetadataId": "64f7b56d-693f-47cb-80f7-77fd297a2861"
          },
          "type": "OpenApiConnectionNotification",
          "inputs": {
            "host": {
              "apiId": "/providers/Microsoft.PowerApps/apis/shared_office365",
              "connectionName": "shared_office365",
              "operationId": "OnNewEmailV3"
            },
            "parameters": {
              "folderPath": "Inbox",
              "from": "micha@stauffer.be",
              "includeAttachments": false,
              "importance": "Any",
              "fetchOnlyWithAttachment": false
            },
            "authentication": "@parameters('$authentication')"
          }
        }
      },
      "actions": {
        "Condition": {
          "actions": {
            "Terminate": {
              "runAfter": {},
              "metadata": {
                "operationMetadataId": "2e713d37-a878-4213-8891-63e97377d60a"
              },
              "type": "Terminate",
              "inputs": {
                "runStatus": "Cancelled"
              }
            }
          },
          "runAfter": {
            "Initialize_variable_-_Stellvertreter_E-Mail": [
              "Succeeded"
            ]
          },
          "expression": {
            "less": [
              "@variables('Abwesend bis')",
              "@utcNow()"
            ]
          },
          "metadata": {
            "operationMetadataId": "5386250a-f276-4aff-8cf7-b72da76433f7"
          },
          "type": "If"
        },
        "Send_email_with_options": {
          "runAfter": {
            "Condition": [
              "Succeeded"
            ]
          },
          "metadata": {
            "operationMetadataId": "2e66e295-08a1-4082-89c6-612953f796da"
          },
          "type": "OpenApiConnectionWebhook",
          "inputs": {
            "host": {
              "apiId": "/providers/Microsoft.PowerApps/apis/shared_office365",
              "connectionName": "shared_office365",
              "operationId": "SendMailWithOptions"
            },
            "parameters": {
              "optionsEmailSubscription/Message/To": "@triggerOutputs()?['body/from']",
              "optionsEmailSubscription/Message/Subject": "AW: @{triggerOutputs()?['body/subject']}",
              "optionsEmailSubscription/Message/Options": "E-Mail zustellen und auf Rückkehr warten, E-Mail an Stellvertreter weiterleiten, E-Mail löschen",
              "optionsEmailSubscription/Message/HeaderText": "Abwesenheitsmeldung - Action required",
              "optionsEmailSubscription/Message/SelectionText": "Bitte entscheide, was mit deiner Nachricht geschehen soll:",
              "optionsEmailSubscription/Message/Body": "Ich bin bis am @{variables('Abwesend bis')} abwesend.\nMein Stellvertreter ist @{variables('Stellvertreter Name')}.\nBitte entscheide, was mit deiner Nachricht geschehen soll:\n\n(du erhälst keine Bestätigung, deine Auswahl wird einfach ausgeführt).",
              "optionsEmailSubscription/Message/Importance": "Normal",
              "optionsEmailSubscription/Message/HideHTMLMessage": false,
              "optionsEmailSubscription/Message/ShowHTMLConfirmationDialog": false
            },
            "authentication": "@parameters('$authentication')"
          }
        },
        "Switch": {
          "runAfter": {
            "Send_email_with_options": [
              "Succeeded"
            ]
          },
          "cases": {
            "Case": {
              "case": "E-Mail zustellen und auf Rückkehr warten",
              "actions": {}
            },
            "Case_2": {
              "case": "E-Mail an Stellvertreter weiterleiten",
              "actions": {
                "Forward_an_email_(V2)": {
                  "runAfter": {},
                  "type": "OpenApiConnection",
                  "inputs": {
                    "host": {
                      "apiId": "/providers/Microsoft.PowerApps/apis/shared_office365",
                      "connectionName": "shared_office365",
                      "operationId": "ForwardEmail_V2"
                    },
                    "parameters": {
                      "message_id": "@triggerOutputs()?['body/id']",
                      "body/ToRecipients": "@variables('Stellvertreter E-Mail')",
                      "body/Comment": "bitte darum kümmern, danke!"
                    },
                    "authentication": "@parameters('$authentication')"
                  }
                },
                "Mark_as_read_or_unread_(V3)": {
                  "runAfter": {
                    "Forward_an_email_(V2)": [
                      "Succeeded"
                    ]
                  },
                  "type": "OpenApiConnection",
                  "inputs": {
                    "host": {
                      "apiId": "/providers/Microsoft.PowerApps/apis/shared_office365",
                      "connectionName": "shared_office365",
                      "operationId": "MarkAsRead_V3"
                    },
                    "parameters": {
                      "messageId": "@triggerOutputs()?['body/id']",
                      "body/isRead": true
                    },
                    "authentication": "@parameters('$authentication')"
                  }
                }
              }
            },
            "Case_3": {
              "case": "E-Mail löschen",
              "actions": {
                "Delete_email_(V2)": {
                  "runAfter": {},
                  "type": "OpenApiConnection",
                  "inputs": {
                    "host": {
                      "apiId": "/providers/Microsoft.PowerApps/apis/shared_office365",
                      "connectionName": "shared_office365",
                      "operationId": "DeleteEmail_V2"
                    },
                    "parameters": {
                      "messageId": "@triggerOutputs()?['body/id']"
                    },
                    "authentication": "@parameters('$authentication')"
                  }
                }
              }
            }
          },
          "default": {
            "actions": {}
          },
          "expression": "@outputs('Send_email_with_options')?['body/SelectedOption']",
          "metadata": {
            "operationMetadataId": "6193b573-92d9-4538-8611-c2f219653004"
          },
          "type": "Switch"
        },
        "Initialize_variable_-_Abwesend_bis": {
          "runAfter": {},
          "metadata": {
            "operationMetadataId": "a39ff52e-f6fd-4bc8-9984-38091bb63445"
          },
          "type": "InitializeVariable",
          "inputs": {
            "variables": [
              {
                "name": "Abwesend bis",
                "type": "string",
                "value": "2022-06-28"
              }
            ]
          }
        },
        "Initialize_variable_-_Stellvertreter_Name": {
          "runAfter": {
            "Initialize_variable_-_Abwesend_bis": [
              "Succeeded"
            ]
          },
          "metadata": {
            "operationMetadataId": "4522fcdd-8f68-47a3-b796-10439d8d492c"
          },
          "type": "InitializeVariable",
          "inputs": {
            "variables": [
              {
                "name": "Stellvertreter Name",
                "type": "string",
                "value": "Power Mike"
              }
            ]
          }
        },
        "Initialize_variable_-_Stellvertreter_E-Mail": {
          "runAfter": {
            "Initialize_variable_-_Stellvertreter_Name": [
              "Succeeded"
            ]
          },
          "metadata": {
            "operationMetadataId": "71f7739f-4f5d-4446-aed2-4a5b9c310580"
          },
          "type": "InitializeVariable",
          "inputs": {
            "variables": [
              {
                "name": "Stellvertreter E-Mail",
                "type": "string",
                "value": "info@power-mike.ch"
              }
            ]
          }
        }
      }
    }
  },
  "schemaVersion": "1.0.0.0"
}